-- ============================================================
-- 学生请假事务管理系统 - 测试数据
-- ============================================================

USE leave_system;

-- ============================================================
-- 班级数据
-- ============================================================
INSERT INTO class (class_id, class_name, department, grade) VALUES
('CS2024', '计算机科学2024班', '计算机与信息工程学院', '2024'),
('SE2024', '软件工程2024班',   '计算机与信息工程学院', '2024'),
('DS2023', '数据科学2023班',   '计算机与信息工程学院', '2023');

-- ============================================================
-- 学生数据 (密码都是 123456)
-- ============================================================
INSERT INTO student (student_id, name, gender, password, phone, email, class_id) VALUES
('2024001', '张三', '男', '123456', '13800001001', 'zhangsan@example.com', 'CS2024'),
('2024002', '李四', '女', '123456', '13800001002', 'lisi@example.com',     'CS2024'),
('2024003', '王五', '男', '123456', '13800001003', 'wangwu@example.com',   'CS2024'),
('2024004', '赵六', '女', '123456', '13800001004', 'zhaoliu@example.com',  'SE2024'),
('2024005', '孙七', '男', '123456', '13800001005', 'sunqi@example.com',    'SE2024'),
('2024006', '周八', '女', '123456', '13800001006', 'zhouba@example.com',   'SE2024'),
('2023001', '吴九', '男', '123456', '13800001007', 'wujiu@example.com',    'DS2023'),
('2023002', '郑十', '女', '123456', '13800001008', 'zhengshi@example.com', 'DS2023');

-- ============================================================
-- 班主任数据 (密码都是 123456)
-- ============================================================
INSERT INTO teacher (teacher_id, name, gender, password, phone, email, class_id) VALUES
('T0001', '刘老师', '男', '123456', '13900002001', 'liu@example.com', 'CS2024'),
('T0002', '陈老师', '女', '123456', '13900002002', 'chen@example.com', 'SE2024'),
('T0003', '黄老师', '男', '123456', '13900002003', 'huang@example.com', NULL);

-- ============================================================
-- 教务管理员数据 (密码都是 123456)
-- ============================================================
INSERT INTO admin (admin_id, name, password, phone, email) VALUES
('A0001', '诸葛老师', '123456', '13700003001', 'zhuge@example.com');

-- ============================================================
-- 请假记录数据
-- ============================================================
INSERT INTO leave_record (student_id, leave_type, start_date, end_date, reason, status, apply_time, teacher_id, approve_time, approve_comment) VALUES
-- 已批准的请假
('2024001', '病假', '2025-03-10', '2025-03-12', '感冒发烧，需要休息治疗', '已批准',
 '2025-03-09 08:30:00', 'T0001', '2025-03-09 10:15:00', '已了解情况，准假。注意休养。'),
('2024002', '事假', '2025-03-15', '2025-03-15', '家庭有急事需要处理', '已批准',
 '2025-03-14 14:00:00', 'T0001', '2025-03-14 16:30:00', '准假一天，请办完事后尽快返校。'),
('2024004', '公假', '2025-03-20', '2025-03-22', '参加省级程序设计竞赛', '已批准',
 '2025-03-18 09:00:00', 'T0002', '2025-03-18 11:00:00', '代表学校参加竞赛，予以准假。'),
-- 已驳回的请假
('2024003', '事假', '2025-04-01', '2025-04-03', '外出旅游', '已驳回',
 '2025-03-30 16:00:00', 'T0001', '2025-03-30 17:00:00', '非必要请假理由，且正值期中考试复习周，不予批准。'),
-- 待审批的请假
('2024005', '病假', '2025-05-10', '2025-05-10', '身体不适，需去医院检查', '待审批',
 '2025-05-09 07:30:00', NULL, NULL, NULL),
('2024006', '事假', '2025-05-12', '2025-05-13', '参加姐姐婚礼', '待审批',
 '2025-05-10 20:00:00', NULL, NULL, NULL),
('2023001', '病假', '2025-05-08', '2025-05-09', '胃疼需要休养', '待审批',
 '2025-05-07 22:00:00', NULL, NULL, NULL);
